signup_month,cohort_order,months_since_signup,retention_rate,is_forecast
2025-06,0,0,100.0,0
2025-06,0,1,91.3,0
2025-06,0,2,88.0,0
2025-06,0,3,85.1,0
2025-06,0,4,77.8,0
2025-06,0,5,73.3,0
2025-06,0,6,67.9,0
2025-06,0,7,63.6,0
2025-06,0,8,58.4,0
2025-06,0,9,56.5,0
2025-06,0,10,52.5,0
2025-06,0,11,51.0,0
2025-07,1,0,99.3,0
2025-07,1,1,94.6,0
2025-07,1,2,90.8,0
2025-07,1,3,85.8,0
2025-07,1,4,80.9,0
2025-07,1,5,78.8,0
2025-07,1,6,76.6,0
2025-07,1,7,71.6,0
2025-07,1,8,67.2,0
2025-07,1,9,64.7,0
2025-07,1,10,58.8,0
2025-07,1,11,58.7,0
2025-08,2,0,98.6,0
2025-08,2,1,93.2,0
2025-08,2,2,88.3,0
2025-08,2,3,85.4,0
2025-08,2,4,80.7,0
2025-08,2,5,73.2,0
2025-08,2,6,69.6,0
2025-08,2,7,65.6,0
2025-08,2,8,63.8,0
2025-08,2,9,59.2,0
2025-08,2,10,55.8,0
2025-08,2,11,53.3,0
2025-09,3,0,100.0,0
2025-09,3,1,93.7,0
2025-09,3,2,86.6,0
2025-09,3,3,82.0,0
2025-09,3,4,79.0,0
2025-09,3,5,71.7,0
2025-09,3,6,69.2,0
2025-09,3,7,62.6,0
2025-09,3,8,58.4,0
2025-09,3,9,56.8,0
2025-09,3,10,51.0,0
2025-09,3,11,50.2,0
2025-10,4,0,98.7,0
2025-10,4,1,95.1,0
2025-10,4,2,89.8,0
2025-10,4,3,86.8,0
2025-10,4,4,84.9,0
2025-10,4,5,77.6,0
2025-10,4,6,75.2,0
2025-10,4,7,70.8,0
2025-10,4,8,67.4,0
2025-10,4,9,63.9,0
2025-10,4,10,59.7,0
2025-10,4,11,58.6,1
2025-11,5,0,98.6,0
2025-11,5,1,94.9,0
2025-11,5,2,87.3,0
2025-11,5,3,81.0,0
2025-11,5,4,77.9,0
2025-11,5,5,68.1,0
2025-11,5,6,68.0,0
2025-11,5,7,60.4,0
2025-11,5,8,57.9,0
2025-11,5,9,52.8,0
2025-11,5,10,48.8,1
2025-12,6,0,100.0,0
2025-12,6,1,96.6,0
2025-12,6,2,94.5,0
2025-12,6,3,91.2,0
2025-12,6,4,91.0,0
2025-12,6,5,82.5,0
2025-12,6,6,83.7,0
2025-12,6,7,79.5,0
2025-12,6,8,74.6,0
2025-12,6,9,75.2,1
2026-01,7,0,99.0,0
2026-01,7,1,96.1,0
2026-01,7,2,91.8,0
2026-01,7,3,85.4,0
2026-01,7,4,81.2,0
2026-01,7,5,74.3,0
2026-01,7,6,71.9,0
2026-01,7,7,70.6,0
2026-01,7,8,65.7,1
2026-02,8,0,100.0,0
2026-02,8,1,99.4,0
2026-02,8,2,91.7,0
2026-02,8,3,91.1,0
2026-02,8,4,85.4,0
2026-02,8,5,84.4,0
2026-02,8,6,76.8,0
2026-02,8,7,75.9,1
2026-03,9,0,100.0,0
2026-03,9,1,97.4,0
2026-03,9,2,91.9,0
2026-03,9,3,89.2,0
2026-03,9,4,82.5,0
2026-03,9,5,78.6,0
2026-03,9,6,76.3,1
2026-04,10,0,99.7,0
2026-04,10,1,94.1,0
2026-04,10,2,93.0,0
2026-04,10,3,86.6,0
2026-04,10,4,85.4,0
2026-04,10,5,79.6,1
2026-05,11,0,100.0,0
2026-05,11,1,94.6,0
2026-05,11,2,92.3,0
2026-05,11,3,90.8,0
2026-05,11,4,84.6,1
2026-06,12,0,100.0,0
2026-06,12,1,97.4,0
2026-06,12,2,94.2,0
2026-06,12,3,91.9,1
2026-07,13,0,98.0,0
2026-07,13,1,97.1,0
2026-07,13,2,93.3,1
2026-08,14,0,100.0,0
2026-08,14,1,93.0,1
