feature_name,period,bucket_label,bucket_order,proportion
usage_score,Baseline,9-21,0,0.0
usage_score,Baseline,21-32,1,0.0049
usage_score,Baseline,32-43,2,0.0494
usage_score,Baseline,43-55,3,0.1481
usage_score,Baseline,55-66,4,0.2568
usage_score,Baseline,66-77,5,0.3062
usage_score,Baseline,77-89,6,0.1654
usage_score,Baseline,89-100,7,0.0691
usage_score,Recent,9-21,0,0.0211
usage_score,Recent,21-32,1,0.0632
usage_score,Recent,32-43,2,0.1474
usage_score,Recent,43-55,3,0.3053
usage_score,Recent,55-66,4,0.2947
usage_score,Recent,66-77,5,0.1474
usage_score,Recent,77-89,6,0.0211
usage_score,Recent,89-100,7,0.0
support_tickets_90d,Baseline,0-1,0,0.3778
support_tickets_90d,Baseline,1-2,1,0.3901
support_tickets_90d,Baseline,2-2,2,0.1605
support_tickets_90d,Baseline,2-3,3,0.0
support_tickets_90d,Baseline,3-4,4,0.0568
support_tickets_90d,Baseline,4-4,5,0.0049
support_tickets_90d,Baseline,4-5,6,0.0099
support_tickets_90d,Baseline,5-6,7,0.0
support_tickets_90d,Recent,0-1,0,0.1263
support_tickets_90d,Recent,1-2,1,0.3263
support_tickets_90d,Recent,2-2,2,0.2632
support_tickets_90d,Recent,2-3,3,0.0
support_tickets_90d,Recent,3-4,4,0.1474
support_tickets_90d,Recent,4-4,5,0.1263
support_tickets_90d,Recent,4-5,6,0.0
support_tickets_90d,Recent,5-6,7,0.0105
monthly_revenue,Baseline,15-27,0,0.3926
monthly_revenue,Baseline,27-38,1,0.0
monthly_revenue,Baseline,38-49,2,0.2617
monthly_revenue,Baseline,49-61,3,0.1358
monthly_revenue,Baseline,61-72,4,0.0
monthly_revenue,Baseline,72-83,5,0.0049
monthly_revenue,Baseline,83-95,6,0.0741
monthly_revenue,Baseline,95-106,7,0.1309
monthly_revenue,Recent,15-27,0,0.3789
monthly_revenue,Recent,27-38,1,0.0
monthly_revenue,Recent,38-49,2,0.2842
monthly_revenue,Recent,49-61,3,0.0737
monthly_revenue,Recent,61-72,4,0.0
monthly_revenue,Recent,72-83,5,0.0316
monthly_revenue,Recent,83-95,6,0.1158
monthly_revenue,Recent,95-106,7,0.1158
days_since_active,Baseline,0-8,0,0.1259
days_since_active,Baseline,8-17,1,0.0963
days_since_active,Baseline,17-25,2,0.2543
days_since_active,Baseline,25-34,3,0.2
days_since_active,Baseline,34-42,4,0.2
days_since_active,Baseline,42-50,5,0.0864
days_since_active,Baseline,50-59,6,0.0173
days_since_active,Baseline,59-67,7,0.0198
days_since_active,Recent,0-8,0,0.0105
days_since_active,Recent,8-17,1,0.0211
days_since_active,Recent,17-25,2,0.1579
days_since_active,Recent,25-34,3,0.2632
days_since_active,Recent,34-42,4,0.1684
days_since_active,Recent,42-50,5,0.2211
days_since_active,Recent,50-59,6,0.1263
days_since_active,Recent,59-67,7,0.0316
