month,actual_revenue,forecast_revenue,forecast_low,forecast_high,is_forecast_month,mape_trend
2025-09-01,23368.34,,,,0,
2025-10-01,23333.72,,,,0,
2025-11-01,23283.4,,,,0,0.07
2025-12-01,23304.6,,,,0,0.26
2026-01-01,23406.64,,,,0,0.62
2026-02-01,23278.9,,,,0,0.32
2026-03-01,23260.5,,,,0,0.21
2026-04-01,23306.23,,,,0,0.13
2026-05-01,23324.78,,,,0,0.19
2026-06-01,23197.57,,,,0,0.4
2026-07-01,23078.48,,,,0,0.74
2026-08-01,23003.67,23003.67,23003.67,23003.67,0,0.75
2026-09-01,,23100.23,22953.6,23246.87,1,
